[{
  "product_name": "miGoals",
  "brand": "nedbank",
  "client_type": "staff",
  "account_number": "12348989343",
  "environment":"ete"
},
  {
    "product_name": "miGoals",
    "brand": "nedbank",
    "client_type": "adult",
    "account_number": "4556556",
    "environment":"ete"
  },
  {
    "product_name": "savvy",
    "brand": "nedbank",
    "client_type": "adult",
    "account_number": "4556556",
    "environment":"ete"
  },
  {
    "product_name": "savvy",
    "brand": "nedbank",
    "client_type": "adult",
    "account_number": "3323343445",
    "environment":"qa"
  }]